id,observed_on_string,observed_on,time_observed_at,time_zone,user_id,user_login,user_name,created_at,updated_at,quality_grade,license,url,image_url,sound_url,tag_list,description,num_identification_agreements,num_identification_disagreements,captive_cultivated,oauth_application_id,place_guess,latitude,longitude,positional_accuracy,private_place_guess,private_latitude,private_longitude,public_positional_accuracy,geoprivacy,taxon_geoprivacy,coordinates_obscured,positioning_method,positioning_device,species_guess,scientific_name,common_name,iconic_taxon_name,taxon_id
185713804,2023-10-01 11:46:52,2023-10-01,2023-10-01 10:46:52 UTC,London,7456904,tarincx,Tarin,2023-10-01 10:48:48 UTC,2023-10-01 14:00:46 UTC,research,CC-BY-NC,https://www.inaturalist.org/observations/185713804,https://inaturalist-open-data.s3.amazonaws.com/photos/324393044/medium.jpeg,,"",,1,0,false,2,"Mount Batten Water Sports Centre, Mount Batten, Plymouth PL9 9XH, UK",50.35687776,-4.12583695,3,,,,3,,,false,,,European Green Crab,Carcinus maenas,European Green Crab,Animalia,52523
185714378,2023-10-01 11:54:22,2023-10-01,2023-10-01 10:54:22 UTC,London,7456904,tarincx,Tarin,2023-10-01 10:54:54 UTC,2023-10-01 15:04:14 UTC,research,CC-BY-NC,https://www.inaturalist.org/observations/185714378,https://inaturalist-open-data.s3.amazonaws.com/photos/324393940/medium.jpeg,,"",,1,0,false,2,"Mount Batten Water Sports Centre, Mount Batten, Plymouth PL9 9XH, UK",50.35694464,-4.12614828,8,,,,8,,,false,,,Cushion Star,Asterina gibbosa,Cushion Star,Animalia,210121
185715359,2023-10-01 12:03:54,2023-10-01,2023-10-01 11:03:54 UTC,London,7456904,tarincx,Tarin,2023-10-01 11:04:38 UTC,2023-10-01 17:37:36 UTC,research,CC-BY-NC,https://www.inaturalist.org/observations/185715359,https://inaturalist-open-data.s3.amazonaws.com/photos/324397346/medium.jpeg,,"",,2,0,false,2,"Mount Batten Water Sports Centre, Mount Batten, Plymouth PL9 9XH, UK",50.35714741,-4.12648786,6,,,,6,,,false,,,Strawberry Anemone,Actinia fragacea,Strawberry Anemone,Animalia,129493
185716037,2023-10-01 12:12:23,2023-10-01,2023-10-01 11:12:23 UTC,London,6147171,tom_thorpe,Thorpy,2023-10-01 11:13:14 UTC,2023-10-01 11:13:21 UTC,needs_id,,https://www.inaturalist.org/observations/185716037,https://static.inaturalist.org/photos/324396757/medium.jpeg,,"",,0,0,false,2,"Mount Batten Water Sports Centre, Mount Batten, Plymouth PL9 9XH, UK",50.35598879,-4.12658651,4,,,,4,,,false,,,European Sting Winkle,Ocenebra erinaceus,European Sting Winkle,Mollusca,467402
185716087,2023-10-01 12:13:27,2023-10-01,2023-10-01 11:13:27 UTC,London,6147171,tom_thorpe,Thorpy,2023-10-01 11:13:53 UTC,2023-10-01 17:38:10 UTC,research,,https://www.inaturalist.org/observations/185716087,https://static.inaturalist.org/photos/324396878/medium.jpeg,,"",,1,0,false,2,"Plymouth PL4, UK",50.3783487,-4.1248734,1899,,,,1899,,,false,,,Coil Worm,Spirorbis spirorbis,Coil Worm,Animalia,194018
185716132,2023-10-01 12:13:57,2023-10-01,2023-10-01 11:13:57 UTC,London,6147171,tom_thorpe,Thorpy,2023-10-01 11:14:21 UTC,2023-10-01 14:41:19 UTC,research,,https://www.inaturalist.org/observations/185716132,https://static.inaturalist.org/photos/324396983/medium.jpeg,,"",,1,0,false,2,"Mount Batten Water Sports Centre, Mount Batten, Plymouth PL9 9XH, UK",50.35598763,-4.12659008,3,,,,3,,,false,,,Saw Wrack,Fucus serratus,Saw Wrack,Chromista,57772
185716361,2023-10-01 12:16:13,2023-10-01,2023-10-01 11:16:13 UTC,London,7456904,tarincx,Tarin,2023-10-01 11:17:13 UTC,2023-10-01 14:49:37 UTC,research,CC-BY-NC,https://www.inaturalist.org/observations/185716361,https://inaturalist-open-data.s3.amazonaws.com/photos/324397510/medium.jpeg,,"",,1,0,false,2,"Mount Batten Water Sports Centre, Mount Batten, Plymouth PL9 9XH, UK",50.35705881,-4.12690864,4,,,,4,,,false,,,Montagu's Crab,Xantho hydrophilus,Montagu's Crab,Animalia,603932
185716483,2023-10-01 12:17:59,2023-10-01,2023-10-01 11:17:59 UTC,London,6147171,tom_thorpe,Thorpy,2023-10-01 11:18:31 UTC,2023-10-02 17:28:21 UTC,research,,https://www.inaturalist.org/observations/185716483,https://static.inaturalist.org/photos/324397715/medium.jpeg,,"",,2,0,false,2,"St Paul's Church, Stonehouse, Plymouth PL1 3RX, UK",50.3638091,-4.161048,1700,,,,1700,,,false,,,Hairy Porcelain Crab,Porcellana platycheles,Hairy Porcelain Crab,Animalia,130089
185741986,2023-10-01 13:46:47,2023-10-01,2023-10-01 12:46:47 UTC,London,7456904,tarincx,Tarin,2023-10-01 15:03:13 UTC,2023-10-01 16:26:59 UTC,research,CC-BY-NC,https://www.inaturalist.org/observations/185741986,https://inaturalist-open-data.s3.amazonaws.com/photos/324446141/medium.jpeg,,"",,1,0,false,2,"Mount Batten, Plymouth PL9, UK",50.3570555556,-4.1249277778,,,,,,,,false,,,Spiny Spider Crab,Maja brachydactyla,Spiny Spider Crab,Animalia,447552
185756144,2023-10-01 14:31:42,2023-10-01,2023-10-01 13:31:42 UTC,London,7451240,zrussell,Zak Russell,2023-10-01 16:24:51 UTC,2023-10-01 16:24:57 UTC,needs_id,,https://www.inaturalist.org/observations/185756144,https://static.inaturalist.org/photos/324473691/medium.jpeg,,"",,0,0,false,2,"Mountbatten Water Sports Centre, Mount Batten, Plymouth PL9 9XH, UK",50.3579535343,-4.1268494725,189,,,,189,,,false,gps,gps,Long-legged Spider Crab,Macropodia rostrata,Long-legged Spider Crab,Animalia,363943
185756325,2023-10-01 14:20:50,2023-10-01,2023-10-01 13:20:50 UTC,London,7451240,zrussell,Zak Russell,2023-10-01 16:25:50 UTC,2023-10-01 17:38:32 UTC,research,,https://www.inaturalist.org/observations/185756325,https://static.inaturalist.org/photos/324474039/medium.jpeg,,"",,1,0,false,2,"Mount Batten Water Sports Centre, Mount Batten, Plymouth PL9 9XH, UK",50.3568555556,-4.1255083333,,,,,,,,false,gps,gps,Blue-rayed Limpet,Patella pellucida,Blue-rayed Limpet,Mollusca,130087
185756573,2023-10-01 14:20:55,2023-10-01,2023-10-01 13:20:55 UTC,London,7451240,zrussell,Zak Russell,2023-10-01 16:27:26 UTC,2023-10-03 22:03:27 UTC,research,,https://www.inaturalist.org/observations/185756573,https://static.inaturalist.org/photos/324474536/medium.jpeg,,"",,1,0,false,2,"Mount Batten Water Sports Centre, Mount Batten, Plymouth PL9 9XH, UK",50.3568555556,-4.1255083333,,,,,,,,false,gps,gps,Hairy Porcelain Crab,Porcellana platycheles,Hairy Porcelain Crab,Animalia,130089
185756710,2023-10-01 14:08:04,2023-10-01,2023-10-01 13:08:04 UTC,London,7451240,zrussell,Zak Russell,2023-10-01 16:28:01 UTC,2023-10-04 12:52:48 UTC,research,,https://www.inaturalist.org/observations/185756710,https://static.inaturalist.org/photos/324474729/medium.jpeg,,"",,2,0,false,2,"Mount Batten, Plymouth PL9, UK",50.3574872244,-4.1251928732,504,,,,504,,open,false,gps,gps,European Conger,Conger conger,European Conger,Actinopterygii,118589
185756795,2023-10-01 13:26:53,2023-10-01,2023-10-01 12:26:53 UTC,London,7451240,zrussell,Zak Russell,2023-10-01 16:28:20 UTC,2023-10-01 17:38:56 UTC,research,,https://www.inaturalist.org/observations/185756795,https://static.inaturalist.org/photos/324474822/medium.jpeg,,"",,1,0,false,2,"Mount Batten, Plymouth PL9, UK",50.3568555556,-4.1252138889,,,,,,,,false,,,Northern cowrie,Trivia arctica,Northern cowrie,Mollusca,461776
185757418,2023-10-01 12:18:39,2023-10-01,2023-10-01 11:18:39 UTC,London,7451240,zrussell,Zak Russell,2023-10-01 16:32:21 UTC,2023-10-02 06:40:29 UTC,research,,https://www.inaturalist.org/observations/185757418,https://static.inaturalist.org/photos/324476093/medium.jpeg,,"",,2,0,false,2,"Mount Batten, Plymouth PL9, UK",50.3574872244,-4.1251928732,504,,,,504,,,false,gps,gps,Sphaeroma serratum,Sphaeroma serratum,,Animalia,337884
185757895,2023-10-01 12:56:27,2023-10-01,2023-10-01 11:56:27 UTC,London,7451240,zrussell,Zak Russell,2023-10-01 16:35:29 UTC,2023-10-01 16:50:58 UTC,research,,https://www.inaturalist.org/observations/185757895,https://static.inaturalist.org/photos/324477240/medium.jpeg,,"",,1,0,false,2,"Mt Batten House, Mount Batten, Plymouth PL9 9SS, UK",50.3569638889,-4.1238166667,,,,,,,,false,gps,gps,White Tortoiseshell Limpet,Tectura virginea,White Tortoiseshell Limpet,Mollusca,482207
185758243,2023-10-01 14:20:25,2023-10-01,2023-10-01 13:20:25 UTC,London,7451240,zrussell,Zak Russell,2023-10-01 16:37:28 UTC,2023-10-02 17:31:41 UTC,research,,https://www.inaturalist.org/observations/185758243,https://static.inaturalist.org/photos/324477934/medium.jpeg,,"",,1,0,false,2,"Mount Batten Water Sports Centre, Mount Batten, Plymouth PL9 9XH, UK",50.3568611111,-4.1255083333,,,,,,,,false,gps,gps,Goosebump Sponge,Dysidea fragilis,Goosebump Sponge,Animalia,131694
185758610,2023-10-01 12:06:41,2023-10-01,2023-10-01 11:06:41 UTC,London,7451240,zrussell,Zak Russell,2023-10-01 16:39:42 UTC,2023-10-02 17:31:29 UTC,research,,https://www.inaturalist.org/observations/185758610,https://static.inaturalist.org/photos/324478762/medium.jpeg,,"",,1,0,false,2,"Mount Batten, Plymouth PL9, UK",50.3574872244,-4.1251928732,504,,,,504,,,false,gps,gps,Montagu's Stellate Barnacle,Chthamalus montagui,Montagu's Stellate Barnacle,Animalia,197140
185759007,2023-10-01 12:56:55,2023-10-01,2023-10-01 11:56:55 UTC,London,7451240,zrussell,Zak Russell,2023-10-01 16:41:53 UTC,2023-10-01 17:34:07 UTC,needs_id,"",https://www.inaturalist.org/observations/185759007,https://static.inaturalist.org/photos/324479513/medium.jpeg,,"",,0,0,false,2,"Mount Batten, Plymouth PL9, UK",50.3574872244,-4.1251928732,504,,,,504,,,false,gps,gps,Green Sea Urchin,Psammechinus miliaris,Green Sea Urchin,Animalia,210280
185759095,2023-10-01 13:24:04,2023-10-01,2023-10-01 12:24:04 UTC,London,7451240,zrussell,Zak Russell,2023-10-01 16:42:24 UTC,2023-10-03 20:45:45 UTC,research,,https://www.inaturalist.org/observations/185759095,https://static.inaturalist.org/photos/324479676/medium.jpeg,,"",,1,0,false,2,"Mount Batten, Plymouth PL9, UK",50.3574872244,-4.1251928732,504,,,,504,,,false,,,snakelocks anemone,Anemonia viridis,snakelocks anemone,Animalia,118895
185759225,2023-10-01 12:56:41,2023-10-01,2023-10-01 11:56:41 UTC,London,7451240,zrussell,Zak Russell,2023-10-01 16:43:15 UTC,2023-10-01 19:59:09 UTC,research,,https://www.inaturalist.org/observations/185759225,https://static.inaturalist.org/photos/324479915/medium.jpeg,,"",,1,0,false,2,"Mountbatten Water Sports Centre, Mount Batten, Plymouth PL9 9XH, UK",50.3579535343,-4.1268494725,189,,,,189,,,false,gps,gps,Star Tunicate,Botryllus schlosseri,Star Tunicate,Animalia,62408
185759331,2023-10-01 12:43:16,2023-10-01,2023-10-01 11:43:16 UTC,London,7451240,zrussell,Zak Russell,2023-10-01 16:43:46 UTC,2023-10-05 05:37:51 UTC,needs_id,,https://www.inaturalist.org/observations/185759331,https://static.inaturalist.org/photos/324480064/medium.jpeg,,"",,0,0,false,2,"Mount Batten Water Sports Centre, Mount Batten, Plymouth PL9 9XH, UK",50.3568555556,-4.1255083333,,,,,,,,false,gps,gps,,Annelida,Segmented Worms,Animalia,47491
185759612,2023-10-01 12:38:41,2023-10-01,2023-10-01 11:38:41 UTC,London,7451240,zrussell,Zak Russell,2023-10-01 16:44:59 UTC,2023-10-01 19:58:10 UTC,needs_id,,https://www.inaturalist.org/observations/185759612,https://static.inaturalist.org/photos/324480553/medium.jpeg,,"",,1,0,false,2,"Mount Batten, Plymouth PL9, UK",50.3574872244,-4.1251928732,504,,,,504,,,false,gps,gps,Wrinkled Sea Mats,Didemnum,Wrinkled Sea Mats,Animalia,55512
185759707,2023-10-01 12:53:41,2023-10-01,2023-10-01 11:53:41 UTC,London,7451240,zrussell,Zak Russell,2023-10-01 16:45:35 UTC,2023-10-01 17:36:50 UTC,research,,https://www.inaturalist.org/observations/185759707,https://static.inaturalist.org/photos/324480764/medium.jpeg,,"",,1,0,false,2,"Mt Batten House, Mount Batten, Plymouth PL9 9SS, UK",50.3569777778,-4.1235777778,,,,,,,,false,gps,gps,Cushion Star,Asterina gibbosa,Cushion Star,Animalia,210121
185759741,2023-10-01 12:37:58,2023-10-01,2023-10-01 11:37:58 UTC,London,7451240,zrussell,Zak Russell,2023-10-01 16:45:54 UTC,2023-10-03 19:13:32 UTC,research,,https://www.inaturalist.org/observations/185759741,https://static.inaturalist.org/photos/324480877/medium.jpeg,,"",,1,0,false,2,"Mt Batten House, Mount Batten, Plymouth PL9 9SS, UK",50.3569527778,-4.1236694444,,,,,,,,false,gps,gps,Velvet Swimming Crab,Necora puber,Velvet Swimming Crab,Animalia,210219
185759794,2023-10-01 12:32:38,2023-10-01,2023-10-01 11:32:38 UTC,London,7451240,zrussell,Zak Russell,2023-10-01 16:46:18 UTC,2023-10-01 17:37:06 UTC,research,,https://www.inaturalist.org/observations/185759794,https://static.inaturalist.org/photos/324481033/medium.jpeg,,"",,1,0,false,2,"Mount Batten, Plymouth PL9, UK",50.3574872244,-4.1251928732,504,,,,504,,,false,gps,gps,European Painted Top Shell,Calliostoma zizyphinum,European Painted Top Shell,Mollusca,210224
185759981,2023-10-01 12:27:17,2023-10-01,2023-10-01 11:27:17 UTC,London,7451240,zrussell,Zak Russell,2023-10-01 16:47:15 UTC,2023-10-02 17:31:10 UTC,research,,https://www.inaturalist.org/observations/185759981,https://static.inaturalist.org/photos/324481383/medium.jpeg,,"",,1,0,false,2,"Mount Batten, Plymouth PL9, UK",50.3574872244,-4.1251928732,504,,,,504,,open,false,gps,gps,Pacific Flat Oyster,Ostrea conchaphila,Pacific Flat Oyster,Mollusca,69191
185760098,2023-10-01 12:17:34,2023-10-01,2023-10-01 11:17:34 UTC,London,7451240,zrussell,Zak Russell,2023-10-01 16:47:55 UTC,2023-10-01 18:30:11 UTC,research,,https://www.inaturalist.org/observations/185760098,https://static.inaturalist.org/photos/324481605/medium.jpeg,,"",,1,0,false,2,"Mount Batten, Plymouth PL9, UK",50.3574872244,-4.1251928732,504,,,,504,,,false,gps,gps,Beaked Barnacle,Austrominius modestus,Beaked Barnacle,Animalia,410684
185760169,2023-10-01 12:20:51,2023-10-01,2023-10-01 11:20:51 UTC,London,7451240,zrussell,Zak Russell,2023-10-01 16:48:18 UTC,2023-10-01 17:32:49 UTC,needs_id,"",https://www.inaturalist.org/observations/185760169,https://static.inaturalist.org/photos/324481771/medium.jpeg,,"",,0,0,false,2,"Mount Batten, Plymouth PL9, UK",50.3574872244,-4.1251928732,504,,,,504,,,false,gps,gps,crumb-of-bread sponge,Hymeniacidon perlevis,crumb-of-bread sponge,Animalia,418528
185760427,2023-10-01 12:21:07,2023-10-01,2023-10-01 11:21:07 UTC,London,7451240,zrussell,Zak Russell,2023-10-01 16:49:32 UTC,2023-10-01 17:39:47 UTC,research,,https://www.inaturalist.org/observations/185760427,https://static.inaturalist.org/photos/324482207/medium.jpeg,,"",,1,0,false,2,"Mount Batten, Plymouth PL9, UK",50.3574872244,-4.1251928732,504,,,,504,,,false,gps,gps,bladder wrack,Fucus vesiculosus,bladder wrack,Chromista,48216
185760542,2023-10-01 12:26:29,2023-10-01,2023-10-01 11:26:29 UTC,London,7451240,zrussell,Zak Russell,2023-10-01 16:50:32 UTC,2023-10-01 19:33:05 UTC,research,"",https://www.inaturalist.org/observations/185760542,https://static.inaturalist.org/photos/324482527/medium.jpeg,,"",,1,0,false,2,"Mount Batten, Plymouth PL9, UK",50.3574872244,-4.1251928732,504,,,,504,,,false,,,Pacific Oyster,Magallana gigas,Pacific Oyster,Mollusca,605992
185760821,2023-10-01 12:27:46,2023-10-01,2023-10-01 11:27:46 UTC,London,7451240,zrussell,Zak Russell,2023-10-01 16:52:23 UTC,2023-10-02 17:31:03 UTC,research,,https://www.inaturalist.org/observations/185760821,https://static.inaturalist.org/photos/324483115/medium.jpeg,,"",,1,0,false,2,"Mount Batten, Plymouth PL9, UK",50.3574872244,-4.1251928732,504,,,,504,,,false,gps,gps,Lithophyllum incrustans,Lithophyllum incrustans,,Plantae,326759
185761046,2023-10-01 12:28:05,2023-10-01,2023-10-01 11:28:05 UTC,London,7451240,zrussell,Zak Russell,2023-10-01 16:53:33 UTC,2023-10-01 18:34:51 UTC,research,,https://www.inaturalist.org/observations/185761046,https://static.inaturalist.org/photos/324483489/medium.jpeg,,"",,1,0,false,2,"Mount Batten, Plymouth PL9, UK",50.3574872244,-4.1251928732,504,,,,504,,,false,gps,gps,Common Coralline,Corallina officinalis,Common Coralline,Plantae,123632
185761139,2023-10-01 12:28:43,2023-10-01,2023-10-01 11:28:43 UTC,London,7451240,zrussell,Zak Russell,2023-10-01 16:54:03 UTC,2023-10-03 09:19:35 UTC,research,,https://www.inaturalist.org/observations/185761139,https://static.inaturalist.org/photos/324483640/medium.jpeg,,"",,3,0,false,2,"Mount Batten, Plymouth PL9, UK",50.3574872244,-4.1251928732,504,,,,504,,,false,gps,gps,Common Hermit Crab,Pagurus bernhardus,Common Hermit Crab,Animalia,152975
185761184,2023-10-01 12:31:31,2023-10-01,2023-10-01 11:31:31 UTC,London,7451240,zrussell,Zak Russell,2023-10-01 16:54:24 UTC,2023-10-01 18:29:53 UTC,research,,https://www.inaturalist.org/observations/185761184,https://static.inaturalist.org/photos/324483726/medium.jpeg,,"",,1,0,false,2,"Mount Batten, Plymouth PL9, UK",50.3574872244,-4.1251928732,504,,,,504,,,false,gps,gps,Montagu's Crab,Xantho hydrophilus,Montagu's Crab,Animalia,603932
185761265,2023-10-01 12:31:51,2023-10-01,2023-10-01 11:31:51 UTC,London,7451240,zrussell,Zak Russell,2023-10-01 16:55:03 UTC,2023-10-02 17:30:49 UTC,research,,https://www.inaturalist.org/observations/185761265,https://static.inaturalist.org/photos/324483918/medium.jpeg,,"",,1,0,false,2,"Mount Batten, Plymouth PL9, UK",50.3574872244,-4.1251928732,504,,,,504,,,false,gps,gps,Watersipora subatra,Watersipora subatra,,Animalia,632656
185761415,2023-10-01 12:34:15,2023-10-01,2023-10-01 11:34:15 UTC,London,7451240,zrussell,Zak Russell,2023-10-01 16:55:50 UTC,2023-10-01 18:29:15 UTC,research,,https://www.inaturalist.org/observations/185761415,https://static.inaturalist.org/photos/324484124/medium.jpeg,,"",,1,0,false,2,"Mount Batten, Plymouth PL9, UK",50.3574872244,-4.1251928732,504,,,,504,,,false,gps,gps,Dwarf Brittle Star,Amphipholis squamata,Dwarf Brittle Star,Animalia,56690
185761590,2023-10-01 12:37:41,2023-10-01,2023-10-01 11:37:41 UTC,London,7451240,zrussell,Zak Russell,2023-10-01 16:56:42 UTC,2023-10-01 18:34:43 UTC,research,,https://www.inaturalist.org/observations/185761590,https://static.inaturalist.org/photos/324484365/medium.jpeg,,"",,1,0,false,2,"Mountbatten Water Sports Centre, Mount Batten, Plymouth PL9 9XH, UK",50.3579535343,-4.1268494725,189,,,,189,,,false,gps,gps,European Sting Winkle,Ocenebra erinaceus,European Sting Winkle,Mollusca,467402
185761741,2023-10-01 12:34:27,2023-10-01,2023-10-01 11:34:27 UTC,London,7451240,zrussell,Zak Russell,2023-10-01 16:57:45 UTC,2023-10-01 17:28:26 UTC,needs_id,"",https://www.inaturalist.org/observations/185761741,https://static.inaturalist.org/photos/324484651/medium.jpeg,,"",,0,0,false,2,"Mount Batten, Plymouth PL9, UK",50.3574872244,-4.1251928732,504,,,,504,,,false,gps,gps,Schizoporella unicornis,Schizoporella unicornis,,Animalia,195985
185762388,2023-10-01 12:45:15,2023-10-01,2023-10-01 11:45:15 UTC,London,7451240,zrussell,Zak Russell,2023-10-01 17:01:01 UTC,2023-10-01 17:27:41 UTC,needs_id,,https://www.inaturalist.org/observations/185762388,https://static.inaturalist.org/photos/324485713/medium.jpeg,,"",,0,0,false,2,"Mount Batten, Plymouth PL9, UK",50.3574872244,-4.1251928732,504,,,,504,,,false,gps,gps,Saddle Oyster,Anomia achaeus,Saddle Oyster,Mollusca,649980
185762932,2023-10-01 13:49:09,2023-10-01,2023-10-01 12:49:09 UTC,London,7451240,zrussell,Zak Russell,2023-10-01 17:03:53 UTC,2023-10-01 17:03:59 UTC,needs_id,,https://www.inaturalist.org/observations/185762932,https://static.inaturalist.org/photos/324486598/medium.jpeg,,"",,0,0,false,2,"Mountbatten Water Sports Centre, Mount Batten, Plymouth PL9 9XH, UK",50.3579535343,-4.1268494725,189,,,,189,,,false,gps,gps,Dead Man's Fingers,Alcyonium digitatum,Dead Man's Fingers,Animalia,363877
185762966,2023-10-01 12:55:06,2023-10-01,2023-10-01 11:55:06 UTC,London,7451240,zrussell,Zak Russell,2023-10-01 17:04:17 UTC,2023-10-01 18:36:07 UTC,research,,https://www.inaturalist.org/observations/185762966,https://static.inaturalist.org/photos/324486673/medium.jpeg,,"",,1,0,false,2,"Mount Batten, Plymouth PL9, UK",50.3574872244,-4.1251928732,504,,,,504,,,false,gps,gps,Volcano Barnacle,Perforatus perforatus,Volcano Barnacle,Animalia,639057
185763076,2023-10-01 12:03:38,2023-10-01,2023-10-01 11:03:38 UTC,London,7451240,zrussell,Zak Russell,2023-10-01 17:04:51 UTC,2023-10-01 17:26:52 UTC,needs_id,"",https://www.inaturalist.org/observations/185763076,https://static.inaturalist.org/photos/324486818/medium.jpeg,,"",,0,0,false,2,"Mount Batten, Plymouth PL9, UK",50.3574872244,-4.1251928732,504,,,,504,,,false,gps,gps,Black-footed Limpet,Patella depressa,Black-footed Limpet,Mollusca,357614
185763220,2023-10-01 11:58:34,2023-10-01,2023-10-01 10:58:34 UTC,London,7451240,zrussell,Zak Russell,2023-10-01 17:05:54 UTC,2023-10-01 17:40:30 UTC,research,,https://www.inaturalist.org/observations/185763220,https://static.inaturalist.org/photos/324487072/medium.jpeg,,"",,1,0,false,2,"Mount Batten, Plymouth PL9, UK",50.3574872244,-4.1251928732,504,,,,504,,,false,,,Blue Mussel,Mytilus edulis,Blue Mussel,Mollusca,117650
185763423,2023-10-01 11:45:01,2023-10-01,2023-10-01 10:45:01 UTC,London,7451240,zrussell,Zak Russell,2023-10-01 17:07:08 UTC,2023-10-01 17:26:36 UTC,needs_id,,https://www.inaturalist.org/observations/185763423,https://static.inaturalist.org/photos/324487458/medium.jpeg,,"",,0,0,false,2,"Mount Batten, Plymouth PL9, UK",50.3574872244,-4.1251928732,504,,,,504,,,false,,,Common European Limpet,Patella vulgata,Common European Limpet,Mollusca,154706
185763513,2023-10-01 11:58:30,2023-10-01,2023-10-01 10:58:30 UTC,London,7451240,zrussell,Zak Russell,2023-10-01 17:07:38 UTC,2023-10-01 17:40:44 UTC,research,,https://www.inaturalist.org/observations/185763513,https://static.inaturalist.org/photos/324487618/medium.jpeg,,"",,1,0,false,2,"Mount Batten, Plymouth PL9, UK",50.3574872244,-4.1251928732,504,,,,504,,,false,,,Atlantic Beadlet Anemone,Actinia equina,Atlantic Beadlet Anemone,Animalia,130085
185763600,2023-10-01 11:47:53,2023-10-01,2023-10-01 10:47:53 UTC,London,7451240,zrussell,Zak Russell,2023-10-01 17:08:12 UTC,2023-10-02 16:55:22 UTC,research,,https://www.inaturalist.org/observations/185763600,https://static.inaturalist.org/photos/324487823/medium.jpeg,,"",,2,0,false,2,"Mount Batten, Plymouth PL9, UK",50.3574872244,-4.1251928732,504,,,,504,,,false,,,Channelled Wrack,Pelvetia canaliculata,Channelled Wrack,Chromista,129756
185763740,2023-10-01 11:55:55,2023-10-01,2023-10-01 10:55:55 UTC,London,7451240,zrussell,Zak Russell,2023-10-01 17:08:43 UTC,2023-10-02 13:35:23 UTC,needs_id,,https://www.inaturalist.org/observations/185763740,https://static.inaturalist.org/photos/324487999/medium.jpeg,,"",,3,0,false,2,"Mount Batten, Plymouth PL9, UK",50.3574872244,-4.1251928732,504,,,,504,,,false,gps,gps,Glass Shrimps,Palaemon,Glass Shrimps,Animalia,81641
185763838,2023-10-01 11:54:41,2023-10-01,2023-10-01 10:54:41 UTC,London,7451240,zrussell,Zak Russell,2023-10-01 17:09:17 UTC,2023-10-01 17:24:57 UTC,needs_id,"",https://www.inaturalist.org/observations/185763838,https://static.inaturalist.org/photos/324488196/medium.jpeg,,"",,0,0,false,2,"Mount Batten, Plymouth PL9, UK",50.3574872244,-4.1251928732,504,,,,504,,,false,gps,gps,,,,,
185763916,2023-10-01 11:53:34,2023-10-01,2023-10-01 10:53:34 UTC,London,7451240,zrussell,Zak Russell,2023-10-01 17:09:42 UTC,2023-10-01 17:40:56 UTC,research,,https://www.inaturalist.org/observations/185763916,https://static.inaturalist.org/photos/324488331/medium.jpeg,,"",,1,0,false,2,"Mount Batten, Plymouth PL9, UK",50.3574872244,-4.1251928732,504,,,,504,,,false,gps,gps,Spiral Wrack,Fucus spiralis,Spiral Wrack,Chromista,118817
185764179,2023-10-01 11:52:24,2023-10-01,2023-10-01 10:52:24 UTC,London,7451240,zrussell,Zak Russell,2023-10-01 17:12:06 UTC,2023-10-01 17:41:11 UTC,research,,https://www.inaturalist.org/observations/185764179,https://static.inaturalist.org/photos/324489019/medium.jpeg,,"",,1,0,false,2,"Mount Batten, Plymouth PL9, UK",50.3574872244,-4.1251928732,504,,,,504,,,false,gps,gps,Purple Topshell,Steromphala umbilicalis,Purple Topshell,Mollusca,711719
185764274,2023-10-01 11:55:45,2023-10-01,2023-10-01 10:55:45 UTC,London,7451240,zrussell,Zak Russell,2023-10-01 17:12:49 UTC,2023-10-01 18:36:35 UTC,research,,https://www.inaturalist.org/observations/185764274,https://static.inaturalist.org/photos/324489243/medium.jpeg,,"",,1,0,false,2,"Mount Batten, Plymouth PL9, UK",50.3574872244,-4.1251928732,504,,,,504,,,false,,,Coil Worm,Spirorbis spirorbis,Coil Worm,Animalia,194018
185764589,2023-10-01 12:04:03,2023-10-01,2023-10-01 11:04:03 UTC,London,7451240,zrussell,Zak Russell,2023-10-01 17:14:49 UTC,2023-10-01 18:36:44 UTC,research,,https://www.inaturalist.org/observations/185764589,https://static.inaturalist.org/photos/324489869/medium.jpeg,,"",,1,0,false,2,"Mt Batten House, Mount Batten, Plymouth PL9 9SS, UK",50.3569833333,-4.1238305556,,,,,,,,false,gps,gps,Rough Periwinkle,Littorina saxatilis,Rough Periwinkle,Mollusca,68554
185764694,2023-10-01 11:48:22,2023-10-01,2023-10-01 10:48:22 UTC,London,7451240,zrussell,Zak Russell,2023-10-01 17:15:22 UTC,2023-10-02 17:30:18 UTC,research,,https://www.inaturalist.org/observations/185764694,https://static.inaturalist.org/photos/324490086/medium.jpeg,,"",,1,0,false,2,"Mount Batten, Plymouth PL9, UK",50.3574872244,-4.1251928732,504,,,,504,,,false,gps,gps,European Green Crab,Carcinus maenas,European Green Crab,Animalia,52523
185764962,2023-10-01 12:34:21,2023-10-01,2023-10-01 11:34:21 UTC,London,7451240,zrussell,Zak Russell,2023-10-01 17:17:03 UTC,2023-10-01 17:22:14 UTC,needs_id,"",https://www.inaturalist.org/observations/185764962,https://static.inaturalist.org/photos/324490599/medium.jpeg,,"",,0,0,false,2,"Mount Batten, Plymouth PL9, UK",50.3574872244,-4.1251928732,504,,,,504,,,false,gps,gps,Spirobranchus lamarcki,Spirobranchus lamarcki,,Animalia,603592
185765359,2023-10-01 12:08:31,2023-10-01,2023-10-01 11:08:31 UTC,London,7451240,zrussell,Zak Russell,2023-10-01 17:19:29 UTC,2023-10-02 17:29:22 UTC,research,,https://www.inaturalist.org/observations/185765359,https://static.inaturalist.org/photos/324491263/medium.jpeg,,"",,1,0,false,2,"Mount Batten, Plymouth PL9, UK",50.3574872244,-4.1251928732,504,,,,504,,,false,gps,gps,White Tortoiseshell Limpet,Tectura virginea,White Tortoiseshell Limpet,Mollusca,482207
185770946,2023-10-01 13:30:00+01:00,2023-10-01,2023-10-01 12:30:00 UTC,London,7456908,elinmeek,,2023-10-01 17:53:45 UTC,2023-10-01 18:27:23 UTC,research,CC-BY-NC,https://www.inaturalist.org/observations/185770946,https://inaturalist-open-data.s3.amazonaws.com/photos/324502320/medium.jpg,,"","",1,0,false,3,"Batten Bay, Plymouth, England, GB",50.3575923381,-4.1269203697,247,,,,247,,,false,,,Blue-rayed Limpet,Patella pellucida,Blue-rayed Limpet,Mollusca,130087
185771378,2023-10-01 13:12:00+01:00,2023-10-01,2023-10-01 12:12:00 UTC,London,7456908,elinmeek,,2023-10-01 17:56:12 UTC,2023-10-02 17:29:37 UTC,research,CC-BY-NC,https://www.inaturalist.org/observations/185771378,https://inaturalist-open-data.s3.amazonaws.com/photos/324502956/medium.jpg,,"","",1,0,false,3,"Batten Bay, Plymouth, England, GB",50.3575332414,-4.1270850432,247,,,,247,,,false,,,European Painted Top Shell,Calliostoma zizyphinum,European Painted Top Shell,Mollusca,210224
185772702,2023-10-01 12:47:00+01:00,2023-10-01,2023-10-01 11:47:00 UTC,London,7456908,elinmeek,,2023-10-01 18:04:15 UTC,2023-10-01 18:17:09 UTC,research,CC-BY-NC,https://www.inaturalist.org/observations/185772702,https://inaturalist-open-data.s3.amazonaws.com/photos/324505495/medium.jpg,,"","",1,0,false,3,"Batten Bay, Plymouth, England, GB",50.357612037,-4.1269718302,247,,,,247,,,false,,,snakelocks anemone,Anemonia viridis,snakelocks anemone,Animalia,118895
185772882,2023-10-01 13:03:00+01:00,2023-10-01,2023-10-01 12:03:00 UTC,London,7456908,elinmeek,,2023-10-01 18:05:28 UTC,2023-10-02 08:31:47 UTC,research,CC-BY-NC,https://www.inaturalist.org/observations/185772882,https://inaturalist-open-data.s3.amazonaws.com/photos/324505866/medium.jpg,,"","",2,0,false,3,"Batten Bay, Plymouth, England, GB",50.3575266751,-4.1268997856,247,,,,247,,,false,,,Velvet Swimming Crab,Necora puber,Velvet Swimming Crab,Animalia,210219
185773632,2023-10-01 13:21:00+01:00,2023-10-01,2023-10-01 12:21:00 UTC,London,7456908,elinmeek,,2023-10-01 18:09:29 UTC,2023-10-01 18:15:47 UTC,research,CC-BY-NC,https://www.inaturalist.org/observations/185773632,https://inaturalist-open-data.s3.amazonaws.com/photos/324506975/medium.jpg,,"","",1,0,false,3,"Batten Bay, Plymouth, England, GB",50.3560133333,-4.1270971667,4,,,,4,,,false,,,Black Squat Lobster,Galathea squamifera,Black Squat Lobster,Animalia,342260
185774883,2023-10-01 13:31:00+01:00,2023-10-01,2023-10-01 12:31:00 UTC,London,7456908,elinmeek,,2023-10-01 18:15:57 UTC,2023-10-01 18:16:45 UTC,research,CC-BY-NC,https://www.inaturalist.org/observations/185774883,https://inaturalist-open-data.s3.amazonaws.com/photos/324508804/medium.jpg,,"","",1,0,false,3,"Batten Bay, Plymouth, England, GB",50.3558533333,-4.1267138333,4,,,,4,,,false,,,Cushion Star,Asterina gibbosa,Cushion Star,Animalia,210121
185775165,2023-10-01 12:50:44+01:00,2023-10-01,2023-10-01 11:50:44 UTC,London,7456908,elinmeek,,2023-10-01 18:16:59 UTC,2023-10-02 08:31:03 UTC,research,CC-BY-NC,https://www.inaturalist.org/observations/185775165,https://inaturalist-open-data.s3.amazonaws.com/photos/324509150/medium.jpg,,"","",2,0,false,3,"Batten Bay, Plymouth, England, GB",50.35603,-4.1263138333,4,,,,4,,,false,,,Strawberry Anemone,Actinia fragacea,Strawberry Anemone,Animalia,129493
186137798,2023-10-01 11:49:00+01:00,2023-10-01,2023-10-01 10:49:00 UTC,London,967522,ari_drummond,Ari Drummond,2023-10-04 08:50:09 UTC,2023-10-04 18:06:31 UTC,research,,https://www.inaturalist.org/observations/186137798,https://static.inaturalist.org/photos/325225484/medium.jpg,,"","",1,0,false,3,"Batten Bay, Plymouth, England, GB",50.3566988291,-4.1268623989,88,,,,88,,,false,,,Common Brittle Star,Ophiothrix fragilis,Common Brittle Star,Animalia,326334
186137994,2023-10-01 11:53:00+01:00,2023-10-01,2023-10-01 10:53:00 UTC,London,967522,ari_drummond,Ari Drummond,2023-10-04 08:53:43 UTC,2023-10-04 18:07:49 UTC,research,,https://www.inaturalist.org/observations/186137994,https://static.inaturalist.org/photos/325225845/medium.jpg,,"","",1,0,false,3,"Batten Bay, Plymouth, England, GB",50.3569625028,-4.1276953924,70,,,,70,,,false,,,Didemnum maculosum,Didemnum maculosum,,Animalia,542984
186138056,2023-10-01 11:54:00+01:00,2023-10-01,2023-10-01 10:54:00 UTC,London,967522,ari_drummond,Ari Drummond,2023-10-04 08:55:05 UTC,2023-10-04 15:21:44 UTC,research,,https://www.inaturalist.org/observations/186138056,https://static.inaturalist.org/photos/325225981/medium.jpg,,"","",1,0,false,3,"Batten Bay, Plymouth, England, GB",50.3569657969,-4.1281795282,246,,,,246,,,false,,,Sand Mason Worm,Lanice conchilega,Sand Mason Worm,Animalia,204568
186138127,2023-10-01 13:26:38Z,2023-10-01,2023-10-01 13:26:38 UTC,London,967522,ari_drummond,Ari Drummond,2023-10-04 08:57:07 UTC,2023-10-04 14:49:59 UTC,needs_id,,https://www.inaturalist.org/observations/186138127,https://static.inaturalist.org/photos/325226166/medium.jpg,,"","",2,0,false,3,"Batten Bay, Plymouth, England, GB",50.3568731886,-4.1277604994,37,,,,37,,,false,,,Alpheoidea,Alpheoidea,,Animalia,51195
186138193,2023-10-01 12:57:00+01:00,2023-10-01,2023-10-01 11:57:00 UTC,London,967522,ari_drummond,Ari Drummond,2023-10-04 08:58:17 UTC,2023-10-04 09:10:30 UTC,research,,https://www.inaturalist.org/observations/186138193,https://static.inaturalist.org/photos/325226272/medium.jpg,,"","",1,0,false,3,"Batten Bay, Plymouth, England, GB",50.356347392,-4.126559551,43,,,,43,,,false,,,Edible Crab,Cancer pagurus,Edible Crab,Animalia,120553
186138277,2023-10-01 12:59:00+01:00,2023-10-01,2023-10-01 11:59:00 UTC,London,967522,ari_drummond,Ari Drummond,2023-10-04 09:00:09 UTC,2023-10-04 17:01:05 UTC,needs_id,,https://www.inaturalist.org/observations/186138277,https://static.inaturalist.org/photos/325226447/medium.jpg,,"","",2,0,false,3,"Batten Bay, Plymouth, England, GB",50.3559638983,-4.127164545,71,,,,71,,,false,,,Alpheus macrocheles,Alpheidae,Snapping Shrimps,Animalia,51196
